,EfficientNetB0,EfficientNetV2B0,ResNet50
test_loss,0.5710710287094116,0.5472545027732849,0.5989254713058472
test_accuracy,0.8264999985694885,0.8320000171661377,0.8180000185966492
