,DenseNet121,EfficientNetB0,EfficientNetV2B0,InceptionResNetV2,InceptionV3,MobileNet,MobileNetV2,ResNet50,ResNet101V2,VGG16,Xception
test_loss,0.73661208152771,0.6555194854736328,0.6668725609779358,0.9596754908561707,0.8326851725578308,0.6620388627052307,0.6838842034339905,0.6286818385124207,0.7079545855522156,1.5497057437896729,0.7801911234855652
test_accuracy,0.7670000195503235,0.800000011920929,0.800000011920929,0.7039999961853027,0.7369999885559082,0.7829999923706055,0.7889999747276306,0.796999990940094,0.777999997138977,0.6579999923706055,0.777999997138977
